mean_fit_time,std_fit_time,mean_score_time,std_score_time,param_max_depth,param_max_features,param_min_samples_leaf,param_min_samples_split,param_n_estimators,params,split0_test_score,split1_test_score,split2_test_score,split3_test_score,split4_test_score,mean_test_score,std_test_score,rank_test_score
0.37796554565429685,0.10892848289798635,0.04887514114379883,0.04045457002875667,10,sqrt,1,2,45,"{'max_depth': 10, 'max_features': 'sqrt', 'min_samples_leaf': 1, 'min_samples_split': 2, 'n_estimators': 45}",-10057.19125435368,-5006.4823721976945,-5825.424421800666,-7542.183511638079,-9778.867233347157,-7642.029758667455,2032.496676147205,117
0.7291300296783447,0.3649941710118388,0.03473854064941406,0.02468502101510697,10,sqrt,1,2,50,"{'max_depth': 10, 'max_features': 'sqrt', 'min_samples_leaf': 1, 'min_samples_split': 2, 'n_estimators': 50}",-10254.894069040534,-4902.193695567607,-5840.092785960426,-7543.42312002677,-9813.921756382773,-7670.905085395623,2112.0325569056927,118
1.0984358310699462,0.32219742120652634,0.0637892723083496,0.044803987876114434,10,sqrt,1,2,100,"{'max_depth': 10, 'max_features': 'sqrt', 'min_samples_leaf': 1, 'min_samples_split': 2, 'n_estimators': 100}",-10386.454676456642,-4835.1147127530485,-6045.273718639267,-6942.315883573228,-9549.283930352165,-7551.688584354869,2099.8419178241293,112
0.3659599781036377,0.011402754955155324,0.017104387283325195,0.0017145978362292588,10,sqrt,1,5,45,"{'max_depth': 10, 'max_features': 'sqrt', 'min_samples_leaf': 1, 'min_samples_split': 5, 'n_estimators': 45}",-10823.369073827556,-5570.073903538273,-5939.547894287227,-6400.585371471258,-11257.727867042953,-7998.260822033453,2501.692208374474,138
0.3140772819519043,0.015847144058618194,0.015196847915649413,0.0011518997126851805,10,sqrt,1,5,50,"{'max_depth': 10, 'max_features': 'sqrt', 'min_samples_leaf': 1, 'min_samples_split': 5, 'n_estimators': 50}",-10720.594041431546,-5381.164238444647,-5997.647895313308,-6411.955185064927,-11213.09520664171,-7944.8913133792275,2493.993943051909,128
0.5526800155639648,0.05571608815204568,0.02108941078186035,0.002411849787215297,10,sqrt,1,5,100,"{'max_depth': 10, 'max_features': 'sqrt', 'min_samples_leaf': 1, 'min_samples_split': 5, 'n_estimators': 100}",-11362.819748225847,-5295.635203375294,-6175.7891725669415,-6630.680589269852,-10679.186761889638,-8028.822295065514,2489.9323077315803,145
0.19949259757995605,0.009225431395858668,0.012471485137939452,0.0022723840568409136,10,sqrt,1,10,45,"{'max_depth': 10, 'max_features': 'sqrt', 'min_samples_leaf': 1, 'min_samples_split': 10, 'n_estimators': 45}",-11635.717102308614,-5367.235929685029,-6779.2967108410785,-6799.746468216743,-12059.019602994123,-8528.203162809117,2762.652992692538,171
0.3262316226959229,0.05331232930763543,0.018737316131591797,0.006305144247976705,10,sqrt,1,10,50,"{'max_depth': 10, 'max_features': 'sqrt', 'min_samples_leaf': 1, 'min_samples_split': 10, 'n_estimators': 50}",-11800.495131872205,-5107.440906028078,-6814.143286135214,-6787.7405894014355,-11811.964015956946,-8464.356785878776,2797.835732129363,169
0.63490309715271,0.11552010957715711,0.04157276153564453,0.016853274378864063,10,sqrt,1,10,100,"{'max_depth': 10, 'max_features': 'sqrt', 'min_samples_leaf': 1, 'min_samples_split': 10, 'n_estimators': 100}",-11329.891675014622,-5162.726801978711,-6493.630740098778,-6793.550328916936,-11755.576872419062,-8307.075283685623,2701.6975559440157,163
0.3450325012207031,0.12315639393851326,0.02095060348510742,0.022851171379479115,10,sqrt,2,2,45,"{'max_depth': 10, 'max_features': 'sqrt', 'min_samples_leaf': 2, 'min_samples_split': 2, 'n_estimators': 45}",-11781.608209507192,-4763.54324490513,-6336.298808041837,-6849.170472126871,-11281.23743211035,-8202.371633338276,2808.176309712096,152
0.20208053588867186,0.015289367883531278,0.012396144866943359,0.001772915960094806,10,sqrt,2,2,50,"{'max_depth': 10, 'max_features': 'sqrt', 'min_samples_leaf': 2, 'min_samples_split': 2, 'n_estimators': 50}",-11803.420637686826,-4811.192264866702,-6570.69561487238,-6843.641193591909,-11059.795237164259,-8217.748989636415,2725.430381215608,153
0.3976253032684326,0.03881559238777196,0.021351194381713866,0.003218132237231342,10,sqrt,2,2,100,"{'max_depth': 10, 'max_features': 'sqrt', 'min_samples_leaf': 2, 'min_samples_split': 2, 'n_estimators': 100}",-11593.342882620213,-4927.093488350578,-6266.114756617766,-7365.419209184777,-11555.667020031253,-8341.527471360918,2750.399287651599,166
0.2281655788421631,0.019354647861788137,0.012897300720214843,0.001723454992055566,10,sqrt,2,5,45,"{'max_depth': 10, 'max_features': 'sqrt', 'min_samples_leaf': 2, 'min_samples_split': 5, 'n_estimators': 45}",-11457.772333813717,-5757.469648390447,-6109.527456089714,-7249.5633664837615,-11210.627827124335,-8356.992126380395,2481.6562059800544,168
0.2164605140686035,0.006013001717018199,0.013557338714599609,0.0032746031463843765,10,sqrt,2,5,50,"{'max_depth': 10, 'max_features': 'sqrt', 'min_samples_leaf': 2, 'min_samples_split': 5, 'n_estimators': 50}",-11412.594923961231,-5796.61232064438,-6041.746526991922,-7254.9162795108305,-11080.580629544325,-8317.290136130538,2444.4729353528674,164
0.42817153930664065,0.023113103247394844,0.023649168014526368,0.005864151189100632,10,sqrt,2,5,100,"{'max_depth': 10, 'max_features': 'sqrt', 'min_samples_leaf': 2, 'min_samples_split': 5, 'n_estimators': 100}",-11291.342104642254,-5355.5334120688485,-5917.265025317898,-6965.239778025319,-10881.157743580168,-8082.107612726897,2510.0602271369385,151
0.1802793025970459,0.03598719458480565,0.009848642349243163,0.001547798089382237,10,sqrt,2,10,45,"{'max_depth': 10, 'max_features': 'sqrt', 'min_samples_leaf': 2, 'min_samples_split': 10, 'n_estimators': 45}",-11050.018042640437,-5109.821887172645,-6462.375044878905,-6859.573532303804,-12266.691858303988,-8349.696073059957,2789.760753587355,167
0.19632558822631835,0.00770526818950465,0.013077449798583985,0.0033617759398850266,10,sqrt,2,10,50,"{'max_depth': 10, 'max_features': 'sqrt', 'min_samples_leaf': 2, 'min_samples_split': 10, 'n_estimators': 50}",-10794.15927112319,-5125.941251484474,-6587.4561332241965,-6805.192782085543,-11982.610295480348,-8259.07194667955,2646.3551380626577,161
0.36234354972839355,0.011514670136590357,0.0229616641998291,0.0018864504614750787,10,sqrt,2,10,100,"{'max_depth': 10, 'max_features': 'sqrt', 'min_samples_leaf': 2, 'min_samples_split': 10, 'n_estimators': 100}",-11485.606127682771,-5185.024539091358,-6505.385723966875,-6912.643809792799,-12378.907959826909,-8493.513632072143,2879.125167018333,170
0.1623176097869873,0.003997412627966464,0.012764406204223634,0.0018604830470589854,10,sqrt,4,2,45,"{'max_depth': 10, 'max_features': 'sqrt', 'min_samples_leaf': 4, 'min_samples_split': 2, 'n_estimators': 45}",-11982.402982402546,-5515.8761872456225,-6516.502023462217,-7603.949883672654,-12410.78746948012,-8805.903709252632,2849.409367934475,213
0.23946032524108887,0.006062537887513335,0.01226944923400879,0.0006916364344500584,10,sqrt,4,2,50,"{'max_depth': 10, 'max_features': 'sqrt', 'min_samples_leaf': 4, 'min_samples_split': 2, 'n_estimators': 50}",-12105.631092520087,-5374.639111386359,-6655.819557931185,-7218.926946723267,-12231.63904034768,-8717.331149781716,2880.957192125009,201
0.41916117668151853,0.01741446491042293,0.023628854751586915,0.0023528834482567976,10,sqrt,4,2,100,"{'max_depth': 10, 'max_features': 'sqrt', 'min_samples_leaf': 4, 'min_samples_split': 2, 'n_estimators': 100}",-12421.44164176759,-5451.331096476157,-6573.337293010578,-7108.471099594831,-12557.930158775125,-8822.502257924856,3041.947637351187,215
0.17109413146972657,0.016358933683206667,0.011427736282348633,0.0009702984579455631,10,sqrt,4,5,45,"{'max_depth': 10, 'max_features': 'sqrt', 'min_samples_leaf': 4, 'min_samples_split': 5, 'n_estimators': 45}",-11982.402982402546,-5515.8761872456225,-6516.502023462217,-7603.949883672654,-12410.78746948012,-8805.903709252632,2849.409367934475,213
0.22072205543518067,0.01260479982069713,0.011806726455688477,0.0007797283289836879,10,sqrt,4,5,50,"{'max_depth': 10, 'max_features': 'sqrt', 'min_samples_leaf': 4, 'min_samples_split': 5, 'n_estimators': 50}",-12105.631092520087,-5374.639111386359,-6655.819557931185,-7218.926946723267,-12231.63904034768,-8717.331149781716,2880.957192125009,201
0.3888718605041504,0.012720250178455352,0.020427989959716796,0.0017542112270085312,10,sqrt,4,5,100,"{'max_depth': 10, 'max_features': 'sqrt', 'min_samples_leaf': 4, 'min_samples_split': 5, 'n_estimators': 100}",-12421.44164176759,-5451.331096476157,-6573.337293010578,-7108.471099594831,-12557.930158775125,-8822.502257924856,3041.947637351187,215
0.17018423080444336,0.01340240465304531,0.009990072250366211,0.0019245169124931611,10,sqrt,4,10,45,"{'max_depth': 10, 'max_features': 'sqrt', 'min_samples_leaf': 4, 'min_samples_split': 10, 'n_estimators': 45}",-11774.834863041713,-5311.39068711513,-6087.457206253737,-8214.752128063263,-12113.227200483445,-8700.332416991458,2815.963324560043,200
0.19674382209777833,0.040418384642904384,0.016352510452270506,0.010820278821188307,10,sqrt,4,10,50,"{'max_depth': 10, 'max_features': 'sqrt', 'min_samples_leaf': 4, 'min_samples_split': 10, 'n_estimators': 50}",-11750.214156207294,-5244.1048130392865,-6408.419611601904,-7991.610834117404,-12204.535013116323,-8719.776885616444,2802.8551108093693,203
0.4934365749359131,0.01868350136949862,0.03043193817138672,0.006855320375215968,10,sqrt,4,10,100,"{'max_depth': 10, 'max_features': 'sqrt', 'min_samples_leaf': 4, 'min_samples_split': 10, 'n_estimators': 100}",-12067.49597265048,-5198.518833289995,-6247.482532342507,-7856.925036404925,-12435.762559609579,-8761.236986859498,2975.3382620814928,212
0.31645851135253905,0.028984058860115642,0.009701919555664063,0.0019652403881289283,10,0.7,1,2,45,"{'max_depth': 10, 'max_features': 0.7, 'min_samples_leaf': 1, 'min_samples_split': 2, 'n_estimators': 45}",-7606.700879939828,-4438.735875617712,-4081.754309941517,-4833.5618051363845,-7836.101900672673,-5759.3709542616225,1621.1746651694405,43
0.32073111534118653,0.004978647336630304,0.01285552978515625,0.001765599009144418,10,0.7,1,2,50,"{'max_depth': 10, 'max_features': 0.7, 'min_samples_leaf': 1, 'min_samples_split': 2, 'n_estimators': 50}",-7436.638685157795,-4290.7462481647035,-3991.486530951842,-4723.729365189397,-7820.933567945364,-5652.706879481821,1634.6992805746654,21
0.6178956508636475,0.05457670944266548,0.018280744552612305,0.001313138378448423,10,0.7,1,2,100,"{'max_depth': 10, 'max_features': 0.7, 'min_samples_leaf': 1, 'min_samples_split': 2, 'n_estimators': 100}",-7610.837208882162,-4038.78667221424,-3906.251919999683,-5033.082977393366,-7464.713736567722,-5610.734503011435,1621.580215473577,15
0.3053431510925293,0.03806314975918005,0.014831113815307616,0.007469179572440147,10,0.7,1,5,45,"{'max_depth': 10, 'max_features': 0.7, 'min_samples_leaf': 1, 'min_samples_split': 5, 'n_estimators': 45}",-7360.201299616922,-4070.832150785026,-3768.8008769273724,-4897.438432440999,-7284.073557765204,-5476.269263507105,1551.9731430019885,2
0.2977797508239746,0.022394540337471503,0.012484359741210937,0.005337508172709269,10,0.7,1,5,50,"{'max_depth': 10, 'max_features': 0.7, 'min_samples_leaf': 1, 'min_samples_split': 5, 'n_estimators': 50}",-7406.710146100641,-4039.5108293487538,-3758.2707481254047,-4894.692030905992,-7330.586167015628,-5485.9539842992845,1582.3179190795188,3
0.6043760299682617,0.012466389213778212,0.026374387741088866,0.005321947489371107,10,0.7,1,5,100,"{'max_depth': 10, 'max_features': 0.7, 'min_samples_leaf': 1, 'min_samples_split': 5, 'n_estimators': 100}",-7504.450233521094,-4123.242016750765,-3807.6058443470292,-4969.005860187404,-7284.817655167355,-5537.82432199473,1564.4715851195385,5
0.23896374702453613,0.002850871855601052,0.00930328369140625,0.0018195381839907043,10,0.7,1,10,45,"{'max_depth': 10, 'max_features': 0.7, 'min_samples_leaf': 1, 'min_samples_split': 10, 'n_estimators': 45}",-7847.366730518662,-4050.6925022776018,-4025.763817734288,-5182.216917596161,-8351.361856184494,-5891.480364862242,1857.3616370327138,69
0.2527634143829346,0.013357598438274618,0.009733152389526368,0.0011615018163643443,10,0.7,1,10,50,"{'max_depth': 10, 'max_features': 0.7, 'min_samples_leaf': 1, 'min_samples_split': 10, 'n_estimators': 50}",-7866.844459423976,-3981.00463576251,-4031.541494749509,-5060.71551355613,-8415.64720613921,-5871.150661926267,1901.0983885522376,66
0.5755251884460449,0.017851341541373515,0.021832036972045898,0.0037662637404959924,10,0.7,1,10,100,"{'max_depth': 10, 'max_features': 0.7, 'min_samples_leaf': 1, 'min_samples_split': 10, 'n_estimators': 100}",-7794.516762752121,-3972.7712226085982,-4077.1256220096175,-5099.038627864634,-7914.878890189133,-5771.666225084821,1746.1502681929194,47
0.2791589260101318,0.038415384553770394,0.012260723114013671,0.0029191980382188083,10,0.7,2,2,45,"{'max_depth': 10, 'max_features': 0.7, 'min_samples_leaf': 2, 'min_samples_split': 2, 'n_estimators': 45}",-7164.95509837674,-3947.65308249642,-4084.0300785509166,-4945.656476291413,-8592.193970020073,-5746.897741147113,1830.354887333629,36
0.2608946800231934,0.003534547236788474,0.010310173034667969,0.0026740842385268027,10,0.7,2,2,50,"{'max_depth': 10, 'max_features': 0.7, 'min_samples_leaf': 2, 'min_samples_split': 2, 'n_estimators': 50}",-7303.213788442132,-3797.468156106907,-4065.7137054751624,-5027.709541974635,-8511.230989813443,-5741.067236362456,1855.1212957365956,35
0.5631147861480713,0.012199889868149103,0.02007017135620117,0.002510544647403396,10,0.7,2,2,100,"{'max_depth': 10, 'max_features': 0.7, 'min_samples_leaf': 2, 'min_samples_split': 2, 'n_estimators': 100}",-7481.098598511589,-3863.999404673273,-3961.2994454203767,-4798.065508267123,-8165.283227806458,-5653.949236935764,1813.6589469325709,22
0.2611834526062012,0.005058006535246924,0.010024690628051757,0.0006381287339585341,10,0.7,2,5,45,"{'max_depth': 10, 'max_features': 0.7, 'min_samples_leaf': 2, 'min_samples_split': 5, 'n_estimators': 45}",-7627.825568742284,-3995.1932936373187,-4124.8260937174955,-5116.107525309165,-8048.260082773219,-5782.442512835897,1727.7339009999287,48
0.34788174629211427,0.022930030783696854,0.011970615386962891,0.0030761522883369255,10,0.7,2,5,50,"{'max_depth': 10, 'max_features': 0.7, 'min_samples_leaf': 2, 'min_samples_split': 5, 'n_estimators': 50}",-7627.9668905352655,-3851.5578448260335,-4099.581221613438,-5073.59928165806,-8148.94829700577,-5760.330707127714,1792.5770080234122,45
0.5677362442016601,0.0829327119799086,0.036467790603637695,0.020049620960644023,10,0.7,2,5,100,"{'max_depth': 10, 'max_features': 0.7, 'min_samples_leaf': 2, 'min_samples_split': 5, 'n_estimators': 100}",-7434.9387886259055,-3747.0804064745216,-3952.1706568434115,-4924.397364379919,-7787.8447214502585,-5569.286387554804,1717.7915903118046,9
0.30041942596435545,0.04967011291926341,0.009811830520629884,0.0007924354922390276,10,0.7,2,10,45,"{'max_depth': 10, 'max_features': 0.7, 'min_samples_leaf': 2, 'min_samples_split': 10, 'n_estimators': 45}",-7856.367574356806,-4380.052604078209,-4024.5932598540458,-4851.8247661799805,-8593.327338925072,-5941.233108678823,1897.3111100969868,83
0.274967622756958,0.006222691536590974,0.011621665954589844,0.0015692038957809636,10,0.7,2,10,50,"{'max_depth': 10, 'max_features': 0.7, 'min_samples_leaf': 2, 'min_samples_split': 10, 'n_estimators': 50}",-7795.736309527724,-4204.328072480447,-3934.0284409823057,-4768.361644352101,-8526.04532950952,-5845.6999593704195,1923.3377540336749,57
0.5542714118957519,0.027241954147726097,0.02260246276855469,0.0035367648345399033,10,0.7,2,10,100,"{'max_depth': 10, 'max_features': 0.7, 'min_samples_leaf': 2, 'min_samples_split': 10, 'n_estimators': 100}",-7790.319563307268,-4041.274124072221,-3874.695171985511,-4725.421371209372,-7975.451631522073,-5681.432372419289,1820.8956571156114,25
0.2498218059539795,0.01574539947346575,0.008887195587158203,0.0006267523301159285,10,0.7,4,2,45,"{'max_depth': 10, 'max_features': 0.7, 'min_samples_leaf': 4, 'min_samples_split': 2, 'n_estimators': 45}",-7827.381085541445,-4309.839375313322,-3896.2210844269202,-4680.330386609442,-8846.36018873629,-5912.026424125484,2021.2099226411026,72
0.2654102802276611,0.0141198219109943,0.014551258087158203,0.00676233897304293,10,0.7,4,2,50,"{'max_depth': 10, 'max_features': 0.7, 'min_samples_leaf': 4, 'min_samples_split': 2, 'n_estimators': 50}",-7906.303313747133,-4215.262365798964,-3915.1862962652585,-4827.378276080255,-8906.669261311368,-5954.159902640597,2048.3647260997377,84
0.8715400695800781,0.04427168620231242,0.03221726417541504,0.0044921913609377966,10,0.7,4,2,100,"{'max_depth': 10, 'max_features': 0.7, 'min_samples_leaf': 4, 'min_samples_split': 2, 'n_estimators': 100}",-7869.715138830439,-4157.371345152364,-3940.6731505769326,-4945.405182810092,-8889.237746034387,-5960.480512680842,2028.9898060343187,98
0.3572721004486084,0.042430206427978574,0.012346601486206055,0.0013746369458581633,10,0.7,4,5,45,"{'max_depth': 10, 'max_features': 0.7, 'min_samples_leaf': 4, 'min_samples_split': 5, 'n_estimators': 45}",-7827.381085541445,-4309.839375313322,-3896.2210844269202,-4680.330386609442,-8846.36018873629,-5912.026424125484,2021.2099226411026,72
0.3354278564453125,0.06520606135344181,0.011176633834838866,0.002561554396544582,10,0.7,4,5,50,"{'max_depth': 10, 'max_features': 0.7, 'min_samples_leaf': 4, 'min_samples_split': 5, 'n_estimators': 50}",-7906.303313747133,-4215.262365798964,-3915.1862962652585,-4827.378276080255,-8906.669261311368,-5954.159902640597,2048.3647260997377,84
0.46559648513793944,0.05815750335325485,0.023246383666992186,0.007190612238703867,10,0.7,4,5,100,"{'max_depth': 10, 'max_features': 0.7, 'min_samples_leaf': 4, 'min_samples_split': 5, 'n_estimators': 100}",-7869.715138830439,-4157.371345152364,-3940.6731505769326,-4945.405182810092,-8889.237746034387,-5960.480512680842,2028.9898060343187,98
0.2282083511352539,0.02717978603722611,0.010343790054321289,0.0026498384128621952,10,0.7,4,10,45,"{'max_depth': 10, 'max_features': 0.7, 'min_samples_leaf': 4, 'min_samples_split': 10, 'n_estimators': 45}",-7821.541726374057,-4138.8960931863385,-4045.651779588071,-4708.868165982386,-8608.77147541338,-5864.745848108847,1948.4578812605287,65
0.22722439765930175,0.006721709182212582,0.010593366622924805,0.0018579213172547442,10,0.7,4,10,50,"{'max_depth': 10, 'max_features': 0.7, 'min_samples_leaf': 4, 'min_samples_split': 10, 'n_estimators': 50}",-7810.118873770802,-4095.211690013151,-3971.010480938811,-4696.7928058717525,-8573.94484184842,-5829.4157384885875,1959.5710448887903,55
0.5449181079864502,0.07943404370278598,0.024051761627197264,0.00815089639270909,10,0.7,4,10,100,"{'max_depth': 10, 'max_features': 0.7, 'min_samples_leaf': 4, 'min_samples_split': 10, 'n_estimators': 100}",-7794.240253791387,-4102.480319880467,-3906.7703654464985,-4652.359398053865,-8384.75030628466,-5768.120128691376,1920.1988006186914,46
0.2963742733001709,0.050189574589230755,0.012761306762695313,0.0019629770107740816,15,sqrt,1,2,45,"{'max_depth': 15, 'max_features': 'sqrt', 'min_samples_leaf': 1, 'min_samples_split': 2, 'n_estimators': 45}",-9828.966047614414,-5088.749955010385,-5475.09729695565,-7187.610529155513,-9697.375312611772,-7455.559828269547,2012.6903084604182,109
0.2773311138153076,0.008747502521848185,0.014495420455932616,0.0012650640639905988,15,sqrt,1,2,50,"{'max_depth': 15, 'max_features': 'sqrt', 'min_samples_leaf': 1, 'min_samples_split': 2, 'n_estimators': 50}",-9967.855639340403,-5054.5156311326655,-5632.021505642389,-6969.327310939851,-9888.909727118931,-7502.525962834848,2075.982668288817,110
0.48624472618103026,0.007262012004087564,0.021617937088012695,0.004254538358444653,15,sqrt,1,2,100,"{'max_depth': 15, 'max_features': 'sqrt', 'min_samples_leaf': 1, 'min_samples_split': 2, 'n_estimators': 100}",-10373.380926400627,-4942.318670443947,-5893.597652425059,-6666.609447787189,-9854.358572151867,-7546.053053841737,2172.810158021111,111
0.20762429237365723,0.0063826268877118,0.010940170288085938,0.0018362254259159264,15,sqrt,1,5,45,"{'max_depth': 15, 'max_features': 'sqrt', 'min_samples_leaf': 1, 'min_samples_split': 5, 'n_estimators': 45}",-10475.282882780895,-4886.239613458823,-6725.837968058751,-7445.050887915672,-9948.684872830589,-7896.219245008947,2073.5239088706544,122
0.3789193630218506,0.041828257408237604,0.030134820938110353,0.012271193578492686,15,sqrt,1,5,50,"{'max_depth': 15, 'max_features': 'sqrt', 'min_samples_leaf': 1, 'min_samples_split': 5, 'n_estimators': 50}",-10603.595887576426,-4849.060401776484,-6679.40767105883,-7500.5423090398845,-9918.081424605802,-7910.137538811485,2113.7272304409985,123
0.5285028934478759,0.053804754160903315,0.026933956146240234,0.007480787086814683,15,sqrt,1,5,100,"{'max_depth': 15, 'max_features': 'sqrt', 'min_samples_leaf': 1, 'min_samples_split': 5, 'n_estimators': 100}",-10777.506069506926,-4737.417092498369,-6339.623411195525,-6904.991149783607,-10448.664292389714,-7841.640403074828,2374.2556728501136,121
0.19260778427124023,0.028865966948968046,0.012709808349609376,0.006462993195884447,15,sqrt,1,10,45,"{'max_depth': 15, 'max_features': 'sqrt', 'min_samples_leaf': 1, 'min_samples_split': 10, 'n_estimators': 45}",-11211.503615934922,-5102.935322925319,-6750.520959059925,-6944.546848438194,-11622.499089953271,-8326.401167262326,2606.596612211733,165
0.24382009506225585,0.029596104156551447,0.013695573806762696,0.006086636398361637,15,sqrt,1,10,50,"{'max_depth': 15, 'max_features': 'sqrt', 'min_samples_leaf': 1, 'min_samples_split': 10, 'n_estimators': 50}",-11408.162492688432,-5064.598133171056,-6832.355721820712,-6942.466008702838,-11236.731416121742,-8296.862754500957,2559.2858294659,162
0.35766940116882323,0.004545923338716654,0.023510074615478514,0.006534879489037305,15,sqrt,1,10,100,"{'max_depth': 15, 'max_features': 'sqrt', 'min_samples_leaf': 1, 'min_samples_split': 10, 'n_estimators': 100}",-11212.13219836891,-5110.736293149029,-6507.205712779638,-6878.262675002117,-11453.33769537065,-8232.334914934068,2600.308101458611,158
0.15845117568969727,0.011831508288723872,0.011631155014038086,0.0029206110179197183,15,sqrt,2,2,45,"{'max_depth': 15, 'max_features': 'sqrt', 'min_samples_leaf': 2, 'min_samples_split': 2, 'n_estimators': 45}",-10670.313900080359,-5468.772685156726,-6001.395742312428,-7111.969255876951,-10901.655500595838,-8030.821416804461,2312.3823417071235,147
0.19047951698303223,0.00463835251839756,0.012319564819335938,0.0025774394713887375,15,sqrt,2,2,50,"{'max_depth': 15, 'max_features': 'sqrt', 'min_samples_leaf': 2, 'min_samples_split': 2, 'n_estimators': 50}",-10850.759083024981,-5411.257477890066,-6029.431800512398,-6953.464912128293,-10902.42016624182,-8029.466687959512,2375.9836408156793,146
1.4512054920196533,0.7044350288477644,0.07785768508911133,0.03807349494905363,15,sqrt,2,2,100,"{'max_depth': 15, 'max_features': 'sqrt', 'min_samples_leaf': 2, 'min_samples_split': 2, 'n_estimators': 100}",-10891.368737461697,-4968.0029825039255,-5891.706865677119,-6957.066142504183,-11180.552366934824,-7977.7394190163495,2576.7834892713086,135
0.9532176494598389,0.47976457145837625,0.030285167694091796,0.008606733336694865,15,sqrt,2,5,45,"{'max_depth': 15, 'max_features': 'sqrt', 'min_samples_leaf': 2, 'min_samples_split': 5, 'n_estimators': 45}",-10719.876583826264,-4959.333403875889,-6258.158190457237,-6604.453891532263,-11594.482576083898,-8027.260929155111,2628.365766359043,144
0.2863010406494141,0.028499000922167672,0.015699100494384766,0.0034968827732607894,15,sqrt,2,5,50,"{'max_depth': 15, 'max_features': 'sqrt', 'min_samples_leaf': 2, 'min_samples_split': 5, 'n_estimators': 50}",-10892.922052492591,-4956.842188105166,-6388.695690995524,-6511.3109131185165,-11421.968770813484,-8034.347923105056,2613.2843554739893,148
0.45631136894226076,0.018891061604250983,0.026405954360961915,0.004496231204049515,15,sqrt,2,5,100,"{'max_depth': 15, 'max_features': 'sqrt', 'min_samples_leaf': 2, 'min_samples_split': 5, 'n_estimators': 100}",-10811.325004537777,-4688.542293011912,-6153.103363398016,-6546.437012118347,-11674.243323268427,-7974.730199266896,2752.818343326652,133
0.1796113967895508,0.007866032074278093,0.009492874145507812,0.0019187791683559958,15,sqrt,2,10,45,"{'max_depth': 15, 'max_features': 'sqrt', 'min_samples_leaf': 2, 'min_samples_split': 10, 'n_estimators': 45}",-12552.709769183703,-5499.350469739176,-6308.5646105885235,-7257.677883652497,-11838.648570665777,-8691.390260765937,2923.611824516075,199
0.1663675308227539,0.0011339511758424155,0.011301898956298828,0.002318092791618855,15,sqrt,2,10,50,"{'max_depth': 15, 'max_features': 'sqrt', 'min_samples_leaf': 2, 'min_samples_split': 10, 'n_estimators': 50}",-12350.694766109467,-5398.238109169311,-6660.511078484151,-7209.81971973888,-11665.192005507137,-8656.89113580179,2806.864013320454,194
0.3303344249725342,0.0097482957942481,0.016255950927734374,0.0008557880662319211,15,sqrt,2,10,100,"{'max_depth': 15, 'max_features': 'sqrt', 'min_samples_leaf': 2, 'min_samples_split': 10, 'n_estimators': 100}",-12035.59177233999,-5332.606962394558,-6591.440371848414,-7167.561858930439,-11754.150696757411,-8576.270332454162,2775.290616437857,175
0.1503148078918457,0.00425800784848168,0.009210300445556641,0.0020328776128808834,15,sqrt,4,2,45,"{'max_depth': 15, 'max_features': 'sqrt', 'min_samples_leaf': 4, 'min_samples_split': 2, 'n_estimators': 45}",-11521.788245713456,-5514.730078524783,-6524.6578204439265,-7185.198597788953,-12460.324891088896,-8641.339926712004,2802.0709672722296,187
0.21820006370544434,0.02580358934308004,0.016714954376220705,0.0010080160637479176,15,sqrt,4,2,50,"{'max_depth': 15, 'max_features': 'sqrt', 'min_samples_leaf': 4, 'min_samples_split': 2, 'n_estimators': 50}",-11784.658217526478,-5373.669829719709,-6722.277031782596,-6950.910573441634,-12244.043608053255,-8615.111852104734,2831.0600766956945,176
0.4091926574707031,0.04464783433868771,0.0189788818359375,0.000951163854798648,15,sqrt,4,2,100,"{'max_depth': 15, 'max_features': 'sqrt', 'min_samples_leaf': 4, 'min_samples_split': 2, 'n_estimators': 100}",-12315.861723959391,-5497.999275315882,-6422.547605450005,-6928.886715931631,-12556.415225589264,-8744.342109249235,3050.0165114638476,206
0.15276532173156737,0.0025039109352499277,0.009328413009643554,0.0013947477373299254,15,sqrt,4,5,45,"{'max_depth': 15, 'max_features': 'sqrt', 'min_samples_leaf': 4, 'min_samples_split': 5, 'n_estimators': 45}",-11521.788245713456,-5514.730078524783,-6524.6578204439265,-7185.198597788953,-12460.324891088896,-8641.339926712004,2802.0709672722296,187
0.1688164234161377,0.00283111477744349,0.009107160568237304,0.0011061127680933517,15,sqrt,4,5,50,"{'max_depth': 15, 'max_features': 'sqrt', 'min_samples_leaf': 4, 'min_samples_split': 5, 'n_estimators': 50}",-11784.658217526478,-5373.669829719709,-6722.277031782596,-6950.910573441634,-12244.043608053255,-8615.111852104734,2831.0600766956945,176
0.332681941986084,0.009670503133321283,0.01993846893310547,0.0030196556861885196,15,sqrt,4,5,100,"{'max_depth': 15, 'max_features': 'sqrt', 'min_samples_leaf': 4, 'min_samples_split': 5, 'n_estimators': 100}",-12315.861723959391,-5497.999275315882,-6422.547605450005,-6928.886715931631,-12556.415225589264,-8744.342109249235,3050.0165114638476,206
0.1555238723754883,0.0025270760529968136,0.01007986068725586,0.002145821703112969,15,sqrt,4,10,45,"{'max_depth': 15, 'max_features': 'sqrt', 'min_samples_leaf': 4, 'min_samples_split': 10, 'n_estimators': 45}",-11313.765860762873,-5211.325188318789,-6218.9058401103275,-7937.037205554392,-12076.212304032659,-8551.449279755809,2721.3613252183723,172
0.1631993293762207,0.002655574805744662,0.010283279418945312,0.0018711343232755164,15,sqrt,4,10,50,"{'max_depth': 15, 'max_features': 'sqrt', 'min_samples_leaf': 4, 'min_samples_split': 10, 'n_estimators': 50}",-11296.836583052887,-5164.340183129547,-6619.071702626077,-7800.2877427057765,-12234.694684392682,-8623.046179181392,2714.7247508221594,180
0.3512147903442383,0.049961141524483554,0.02008681297302246,0.005274078303698676,15,sqrt,4,10,100,"{'max_depth': 15, 'max_features': 'sqrt', 'min_samples_leaf': 4, 'min_samples_split': 10, 'n_estimators': 100}",-11761.493650314163,-5152.028737182305,-6335.444468168817,-7485.384621404826,-12525.208453632884,-8651.9119861406,2954.586748162499,189
0.353397798538208,0.024232278457217718,0.013513135910034179,0.0032097888112494707,15,0.7,1,2,45,"{'max_depth': 15, 'max_features': 0.7, 'min_samples_leaf': 1, 'min_samples_split': 2, 'n_estimators': 45}",-7569.170287985187,-4025.854975517916,-3977.631900634232,-4943.614107027531,-7512.564155133734,-5605.767085259719,1617.1716187627567,14
0.3259694576263428,0.017382762529893916,0.010072040557861327,0.0010420128489247583,15,0.7,1,2,50,"{'max_depth': 15, 'max_features': 0.7, 'min_samples_leaf': 1, 'min_samples_split': 2, 'n_estimators': 50}",-7508.148919668152,-3968.7871329304244,-3939.85523769367,-4947.668432699698,-7401.205104129019,-5553.132965424193,1594.7954135452278,7
0.7002665042877197,0.008103771806426787,0.020242691040039062,0.002264075114932683,15,0.7,1,2,100,"{'max_depth': 15, 'max_features': 0.7, 'min_samples_leaf': 1, 'min_samples_split': 2, 'n_estimators': 100}",-7537.2299208504055,-3914.026233146483,-3836.634464045059,-4900.565345843708,-7164.489041200723,-5470.589001017275,1584.7980366174938,1
0.2663263320922852,0.002880235960719681,0.01096806526184082,0.0013656135669170822,15,0.7,1,5,45,"{'max_depth': 15, 'max_features': 0.7, 'min_samples_leaf': 1, 'min_samples_split': 5, 'n_estimators': 45}",-7809.759509346356,-4418.184801493484,-3945.5135430902396,-4539.831997292421,-7958.177832903118,-5734.293536825124,1767.0220600808057,33
0.33523945808410643,0.03664708391486795,0.014950037002563477,0.0033628625388225112,15,0.7,1,5,50,"{'max_depth': 15, 'max_features': 0.7, 'min_samples_leaf': 1, 'min_samples_split': 5, 'n_estimators': 50}",-7818.749575259227,-4274.212254343192,-3943.140690877118,-4632.621930901666,-8026.5118750547035,-5739.047265287181,1797.378930159615,34
0.6057185173034668,0.017197787672573885,0.019353199005126952,0.0019120112851281387,15,0.7,1,5,100,"{'max_depth': 15, 'max_features': 0.7, 'min_samples_leaf': 1, 'min_samples_split': 5, 'n_estimators': 100}",-7582.858658005707,-4175.146742247923,-3811.5595831614655,-4637.455247462325,-7849.775196374135,-5611.359085450312,1740.5625572833196,16
0.2305911064147949,0.01900867558863702,0.011152839660644532,0.0009130789831334616,15,0.7,1,10,45,"{'max_depth': 15, 'max_features': 0.7, 'min_samples_leaf': 1, 'min_samples_split': 10, 'n_estimators': 45}",-8303.533034383581,-4078.064498191809,-4055.7564847091808,-4920.771696900763,-8625.147884987975,-5996.654719834662,2041.3849492012969,100
0.2837831020355225,0.012326296424923498,0.011369657516479493,0.001808682352535877,15,0.7,1,10,50,"{'max_depth': 15, 'max_features': 0.7, 'min_samples_leaf': 1, 'min_samples_split': 10, 'n_estimators': 50}",-8183.359333051185,-4057.908370325586,-4113.20874441383,-5022.783159208148,-8809.548598544996,-6037.361641108749,2046.4748099017118,106
0.5714269161224366,0.05537416603548247,0.01690821647644043,0.0025123720314650056,15,0.7,1,10,100,"{'max_depth': 15, 'max_features': 0.7, 'min_samples_leaf': 1, 'min_samples_split': 10, 'n_estimators': 100}",-7932.655145283901,-3914.568777324717,-4149.941049730071,-5146.352323495746,-8173.283255604825,-5863.360110287853,1836.5957411453296,64
0.32919950485229493,0.03215441385357849,0.012803602218627929,0.0037122059522683762,15,0.7,2,2,45,"{'max_depth': 15, 'max_features': 0.7, 'min_samples_leaf': 2, 'min_samples_split': 2, 'n_estimators': 45}",-8024.9856762435875,-3825.2785170175266,-4277.4316799920625,-4841.257430089574,-8322.490572424129,-5858.288775153376,1920.0759662427984,58
0.3237785816192627,0.054985181053063735,0.011587572097778321,0.0035202678821434404,15,0.7,2,2,50,"{'max_depth': 15, 'max_features': 0.7, 'min_samples_leaf': 2, 'min_samples_split': 2, 'n_estimators': 50}",-7908.866928244832,-3754.102397397293,-4256.105379472105,-4980.078470940062,-8313.108516805025,-5842.452338571864,1897.1347894379096,56
0.7000427722930909,0.05607538586084787,0.029550600051879882,0.006436938694859656,15,0.7,2,2,100,"{'max_depth': 15, 'max_features': 0.7, 'min_samples_leaf': 2, 'min_samples_split': 2, 'n_estimators': 100}",-7666.677707337257,-4001.9549312980025,-3965.4635960064325,-4831.864292895274,-8033.183035021655,-5699.828712511725,1786.4600376624999,29
0.3479494094848633,0.058907713645739074,0.02166156768798828,0.01363504612801792,15,0.7,2,5,45,"{'max_depth': 15, 'max_features': 0.7, 'min_samples_leaf': 2, 'min_samples_split': 5, 'n_estimators': 45}",-7523.159031612794,-4144.211431844109,-4118.913259562815,-4973.969146519095,-7856.933658186875,-5723.437305545138,1638.3503455434484,32
0.46898775100708007,0.10716694991015903,0.017540740966796874,0.0036951217820638386,15,0.7,2,5,50,"{'max_depth': 15, 'max_features': 0.7, 'min_samples_leaf': 2, 'min_samples_split': 5, 'n_estimators': 50}",-7620.825363982564,-4040.362121935627,-4091.7499211062545,-4843.890667564749,-7838.814895448882,-5687.128594007616,1693.34345376844,26
2.171787452697754,1.1167211045998837,0.16521296501159669,0.22428745786090798,15,0.7,2,5,100,"{'max_depth': 15, 'max_features': 0.7, 'min_samples_leaf': 2, 'min_samples_split': 5, 'n_estimators': 100}",-7380.677857226079,-3817.4356363541633,-3962.3719077864694,-4719.591645973336,-7880.918831518213,-5552.199175771651,1731.8464194028336,6
1.9390926361083984,1.1299812837146543,0.0193878173828125,0.011977270172090456,15,0.7,2,10,45,"{'max_depth': 15, 'max_features': 0.7, 'min_samples_leaf': 2, 'min_samples_split': 10, 'n_estimators': 45}",-8144.91512018263,-4441.156357768667,-4171.064068389537,-4901.4776236239795,-8455.547943532962,-6022.832222699554,1876.6737371247943,103
0.27888097763061526,0.01990130185450826,0.012199211120605468,0.004279450302944156,15,0.7,2,10,50,"{'max_depth': 15, 'max_features': 0.7, 'min_samples_leaf': 2, 'min_samples_split': 10, 'n_estimators': 50}",-8028.884086894344,-4323.013268504515,-4038.2616795380013,-4819.151604593291,-8467.84846859142,-5935.431821624315,1910.021262824261,80
0.46271791458129885,0.065053946626956,0.020621109008789062,0.0031224980182237164,15,0.7,2,10,100,"{'max_depth': 15, 'max_features': 0.7, 'min_samples_leaf': 2, 'min_samples_split': 10, 'n_estimators': 100}",-7949.434996246844,-4198.4653152614665,-3868.007787981797,-4798.389253216419,-7972.750041862258,-5757.409478913757,1823.8736319637408,40
0.2670261859893799,0.02880365253094195,0.012582731246948243,0.0035686974067288624,15,0.7,4,2,45,"{'max_depth': 15, 'max_features': 0.7, 'min_samples_leaf': 4, 'min_samples_split': 2, 'n_estimators': 45}",-7820.281429566353,-4148.581889745955,-3861.3472858663704,-4789.21291659901,-9012.101107919303,-5926.304925939398,2089.3354234984536,74
0.37499537467956545,0.014444797737499827,0.017892980575561525,0.004843498012331082,15,0.7,4,2,50,"{'max_depth': 15, 'max_features': 0.7, 'min_samples_leaf': 4, 'min_samples_split': 2, 'n_estimators': 50}",-7869.08850119874,-4038.915715816986,-3872.515869869693,-4978.975091072885,-9023.127901467256,-5956.524615885112,2099.422575238202,92
0.8022159576416016,0.3646475197578668,0.026004648208618163,0.003914741712519486,15,0.7,4,2,100,"{'max_depth': 15, 'max_features': 0.7, 'min_samples_leaf': 4, 'min_samples_split': 2, 'n_estimators': 100}",-7893.041733466261,-4058.7317406374764,-3882.174577770168,-4977.806962153871,-8962.326962256175,-5954.81639525679,2080.7386104813527,86
0.8129973888397217,0.2899429111695448,0.01886758804321289,0.004963039284358438,15,0.7,4,5,45,"{'max_depth': 15, 'max_features': 0.7, 'min_samples_leaf': 4, 'min_samples_split': 5, 'n_estimators': 45}",-7820.281429566353,-4148.581889745955,-3861.3472858663704,-4789.21291659901,-9012.101107919303,-5926.304925939398,2089.3354234984536,74
0.4859790802001953,0.10378000557501058,0.026060867309570312,0.008408651564623441,15,0.7,4,5,50,"{'max_depth': 15, 'max_features': 0.7, 'min_samples_leaf': 4, 'min_samples_split': 5, 'n_estimators': 50}",-7869.08850119874,-4038.915715816986,-3872.515869869693,-4978.975091072885,-9023.127901467256,-5956.524615885112,2099.422575238202,92
1.5280407905578612,0.14990569027474837,0.05976996421813965,0.030003973015599976,15,0.7,4,5,100,"{'max_depth': 15, 'max_features': 0.7, 'min_samples_leaf': 4, 'min_samples_split': 5, 'n_estimators': 100}",-7893.041733466261,-4058.7317406374764,-3882.174577770168,-4977.806962153871,-8962.326962256175,-5954.81639525679,2080.7386104813527,86
0.5069235801696778,0.10345824104684687,0.0555727481842041,0.02174913428463426,15,0.7,4,10,45,"{'max_depth': 15, 'max_features': 0.7, 'min_samples_leaf': 4, 'min_samples_split': 10, 'n_estimators': 45}",-7838.857946541756,-4187.78484933781,-4033.845084006065,-4648.195383691778,-8589.501359335623,-5859.636924582606,1947.59705788988,61
0.5919738292694092,0.05800413220369486,0.01947193145751953,0.004925376454880334,15,0.7,4,10,50,"{'max_depth': 15, 'max_features': 0.7, 'min_samples_leaf': 4, 'min_samples_split': 10, 'n_estimators': 50}",-7823.796501538618,-4157.346489417879,-3976.1362673372896,-4650.644788924821,-8473.621634047133,-5816.309136253148,1928.1328716887735,49
1.033125400543213,0.25354033725894404,0.041723012924194336,0.026087348593422034,15,0.7,4,10,100,"{'max_depth': 15, 'max_features': 0.7, 'min_samples_leaf': 4, 'min_samples_split': 10, 'n_estimators': 100}",-7891.864311637881,-4112.972238621359,-3941.2974063518277,-4714.1211668681635,-8468.710447124602,-5825.793114120766,1948.0531904830736,52
0.20926923751831056,0.01615650874589482,0.011219644546508789,0.00086193430288508,20,sqrt,1,2,45,"{'max_depth': 20, 'max_features': 'sqrt', 'min_samples_leaf': 1, 'min_samples_split': 2, 'n_estimators': 45}",-10827.293806665866,-5244.375219471745,-5331.167861961634,-6767.192305115817,-10263.085220114885,-7686.622882665991,2402.5014721753746,119
0.24164042472839356,0.007276754904971125,0.012664413452148438,0.001978781816325043,20,sqrt,1,2,50,"{'max_depth': 20, 'max_features': 'sqrt', 'min_samples_leaf': 1, 'min_samples_split': 2, 'n_estimators': 50}",-10929.251453261846,-5227.308231697787,-5521.269270405269,-6687.428939134352,-10273.721806435045,-7727.79594018686,2405.6025498935255,120
0.45674867630004884,0.019441920769154974,0.021362113952636718,0.002940568507472905,20,sqrt,1,2,100,"{'max_depth': 20, 'max_features': 'sqrt', 'min_samples_leaf': 1, 'min_samples_split': 2, 'n_estimators': 100}",-10637.906125720501,-4733.204303356028,-5771.697152406456,-6631.27680743778,-10365.860774072407,-7627.989032598634,2423.8224362826795,115
0.16550893783569337,0.01268179581440977,0.009235334396362305,0.0012867992734987804,20,sqrt,1,5,45,"{'max_depth': 20, 'max_features': 'sqrt', 'min_samples_leaf': 1, 'min_samples_split': 5, 'n_estimators': 45}",-10716.377209671859,-4722.395444207151,-6251.322621148932,-7493.019107758978,-10940.747873079808,-8024.772451173345,2452.803646895503,142
0.20806384086608887,0.01752389118837235,0.009495878219604492,0.0010738342163997597,20,sqrt,1,5,50,"{'max_depth': 20, 'max_features': 'sqrt', 'min_samples_leaf': 1, 'min_samples_split': 5, 'n_estimators': 50}",-10914.653765885918,-4644.360873176764,-6295.51773721439,-7404.013394955496,-10806.658262060515,-8013.040806658615,2485.6572824427835,140
0.34995222091674805,0.012394137022829231,0.017110347747802734,0.0016255578045169911,20,sqrt,1,5,100,"{'max_depth': 20, 'max_features': 'sqrt', 'min_samples_leaf': 1, 'min_samples_split': 5, 'n_estimators': 100}",-10999.126882562261,-4574.368359259281,-6151.802255875532,-7087.2856091756,-10805.582519363456,-7923.6331252472255,2562.058954494083,124
0.16457619667053222,0.014967611036884881,0.011273908615112304,0.005995875635321757,20,sqrt,1,10,45,"{'max_depth': 20, 'max_features': 'sqrt', 'min_samples_leaf': 1, 'min_samples_split': 10, 'n_estimators': 45}",-11265.245812037678,-5163.342347709759,-6734.48417699322,-7080.3063133785345,-10902.700553346216,-8229.215840693081,2421.519961474261,156
0.20423827171325684,0.015997126118195787,0.010079383850097656,0.0020769336759118755,20,sqrt,1,10,50,"{'max_depth': 20, 'max_features': 'sqrt', 'min_samples_leaf': 1, 'min_samples_split': 10, 'n_estimators': 50}",-11452.614017143313,-5111.437086284482,-6822.210819155579,-7151.07814820816,-10593.316303521566,-8226.131274862619,2401.741351835655,154
0.4784251689910889,0.04795046472467744,0.024184465408325195,0.004767335271281292,20,sqrt,1,10,100,"{'max_depth': 20, 'max_features': 'sqrt', 'min_samples_leaf': 1, 'min_samples_split': 10, 'n_estimators': 100}",-11138.407305340736,-5198.734021110588,-6558.072777067706,-6928.053083296399,-11377.336647030364,-8240.12076676916,2531.52241630874,160
0.24534978866577148,0.02387862157347551,0.013972282409667969,0.001551027224118801,20,sqrt,2,2,45,"{'max_depth': 20, 'max_features': 'sqrt', 'min_samples_leaf': 2, 'min_samples_split': 2, 'n_estimators': 45}",-10659.47851199518,-5301.259539923178,-5954.593964876756,-7287.15821679033,-10560.852632627162,-7952.66857324252,2262.5039301299284,132
0.2096651554107666,0.022993340862970515,0.010040855407714844,0.0006292351089338384,20,sqrt,2,2,50,"{'max_depth': 20, 'max_features': 'sqrt', 'min_samples_leaf': 2, 'min_samples_split': 2, 'n_estimators': 50}",-10766.633374595842,-5313.746770705005,-5993.777523868841,-7108.304244229387,-10553.833256249523,-7947.259033929719,2289.035728822704,130
0.3254152774810791,0.005043619937152146,0.018355464935302733,0.0008457995330849084,20,sqrt,2,2,100,"{'max_depth': 20, 'max_features': 'sqrt', 'min_samples_leaf': 2, 'min_samples_split': 2, 'n_estimators': 100}",-10824.859114536173,-5019.494074776451,-5778.417346324084,-6953.506240627137,-11094.097863601952,-7934.074927973159,2547.372539568105,126
0.1482703685760498,0.002905506679832745,0.008907270431518555,0.0013536272676630682,20,sqrt,2,5,45,"{'max_depth': 20, 'max_features': 'sqrt', 'min_samples_leaf': 2, 'min_samples_split': 5, 'n_estimators': 45}",-10555.464665468455,-4949.532248866394,-6362.918297627152,-6611.82819494048,-11558.687695789109,-8007.686220538318,2573.199306077945,139
0.15932345390319824,0.003179036510426491,0.009124946594238282,0.0011929612373157486,20,sqrt,2,5,50,"{'max_depth': 20, 'max_features': 'sqrt', 'min_samples_leaf': 2, 'min_samples_split': 5, 'n_estimators': 50}",-10595.478505952162,-5079.296074711073,-6696.236326542643,-6504.897847937928,-11381.972110838124,-8051.576173196387,2474.9377812649927,150
0.3512526035308838,0.07063681535563356,0.023103761672973632,0.01156954708258001,20,sqrt,2,5,100,"{'max_depth': 20, 'max_features': 'sqrt', 'min_samples_leaf': 2, 'min_samples_split': 5, 'n_estimators': 100}",-10639.316634655795,-4731.165051215353,-6316.972257310368,-6610.026275589212,-11618.52863070049,-7983.201769894244,2664.891071173747,136
0.21258988380432128,0.06876431327207563,0.024993467330932616,0.020857623623979842,20,sqrt,2,10,45,"{'max_depth': 20, 'max_features': 'sqrt', 'min_samples_leaf': 2, 'min_samples_split': 10, 'n_estimators': 45}",-12550.615882558086,-5499.350469739176,-6224.5964386812075,-7126.1925384326605,-12244.703909497477,-8729.091847781721,3040.9402143420093,204
0.2037269115447998,0.011312833847193067,0.013144731521606445,0.0030189185730299926,20,sqrt,2,10,50,"{'max_depth': 20, 'max_features': 'sqrt', 'min_samples_leaf': 2, 'min_samples_split': 10, 'n_estimators': 50}",-12349.085619071131,-5398.238109169311,-6589.109458666771,-7085.090928078975,-12035.171735707367,-8691.339170138712,2912.189660166671,197
0.3279703140258789,0.008490356958654306,0.016691827774047853,0.0013421525979591803,20,sqrt,2,10,100,"{'max_depth': 20, 'max_features': 'sqrt', 'min_samples_leaf': 2, 'min_samples_split': 10, 'n_estimators': 100}",-12050.240289427567,-5338.462305638839,-6580.755209533125,-7178.475501105844,-11962.580247632435,-8622.102710667561,2826.4596541958767,178
0.15126619338989258,0.010338217022232423,0.00888075828552246,0.0005531845313609929,20,sqrt,4,2,45,"{'max_depth': 20, 'max_features': 'sqrt', 'min_samples_leaf': 4, 'min_samples_split': 2, 'n_estimators': 45}",-11556.488577931612,-5514.730078524783,-6526.656144714578,-7208.245899614807,-12460.324891088896,-8653.289118374934,2806.5408969784567,190
0.15509309768676757,0.003257364271977337,0.009196996688842773,0.0006580608646283597,20,sqrt,4,2,50,"{'max_depth': 20, 'max_features': 'sqrt', 'min_samples_leaf': 4, 'min_samples_split': 2, 'n_estimators': 50}",-11814.973747512258,-5373.669829719709,-6726.002269222336,-6971.550969927711,-12244.043608053255,-8626.048084887054,2834.9475341571824,183
0.3046595573425293,0.0023848413205183106,0.016792106628417968,0.0015788632284945297,20,sqrt,4,2,100,"{'max_depth': 20, 'max_features': 'sqrt', 'min_samples_leaf': 4, 'min_samples_split': 2, 'n_estimators': 100}",-12331.045163810491,-5497.999275315882,-6425.030692416206,-6939.310091213144,-12556.415225589264,-8749.960089668999,3051.9590517311776,208
0.13380422592163085,0.001544591172693964,0.008956336975097656,0.0010059574016896744,20,sqrt,4,5,45,"{'max_depth': 20, 'max_features': 'sqrt', 'min_samples_leaf': 4, 'min_samples_split': 5, 'n_estimators': 45}",-11556.488577931612,-5514.730078524783,-6526.656144714578,-7208.245899614807,-12460.324891088896,-8653.289118374934,2806.5408969784567,190
0.15498580932617187,0.00159996222650356,0.009833812713623047,0.0018974910158114846,20,sqrt,4,5,50,"{'max_depth': 20, 'max_features': 'sqrt', 'min_samples_leaf': 4, 'min_samples_split': 5, 'n_estimators': 50}",-11814.973747512258,-5373.669829719709,-6726.002269222336,-6971.550969927711,-12244.043608053255,-8626.048084887054,2834.9475341571824,183
0.3141932010650635,0.02498081513540123,0.01689291000366211,0.0027361626356566223,20,sqrt,4,5,100,"{'max_depth': 20, 'max_features': 'sqrt', 'min_samples_leaf': 4, 'min_samples_split': 5, 'n_estimators': 100}",-12331.045163810491,-5497.999275315882,-6425.030692416206,-6939.310091213144,-12556.415225589264,-8749.960089668999,3051.9590517311776,208
0.156250524520874,0.011724834645783033,0.013128566741943359,0.003540223794825893,20,sqrt,4,10,45,"{'max_depth': 20, 'max_features': 'sqrt', 'min_samples_leaf': 4, 'min_samples_split': 10, 'n_estimators': 45}",-11313.765860762873,-5211.325188318789,-6218.9058401103275,-7937.037205554392,-12076.212304032659,-8551.449279755809,2721.3613252183723,172
0.1756761074066162,0.004306614925847698,0.008668947219848632,0.0005321425433948334,20,sqrt,4,10,50,"{'max_depth': 20, 'max_features': 'sqrt', 'min_samples_leaf': 4, 'min_samples_split': 10, 'n_estimators': 50}",-11296.836583052887,-5164.340183129547,-6619.071702626077,-7800.2877427057765,-12234.694684392682,-8623.046179181392,2714.7247508221594,180
0.31333332061767577,0.01127614542253414,0.020716381072998048,0.005730000905637084,20,sqrt,4,10,100,"{'max_depth': 20, 'max_features': 'sqrt', 'min_samples_leaf': 4, 'min_samples_split': 10, 'n_estimators': 100}",-11757.661791820663,-5152.028737182305,-6335.308917554655,-7514.346022594833,-12525.208453632884,-8656.910784557069,2951.537609307407,195
0.25232982635498047,0.006434531852218896,0.008120441436767578,0.00047053344142593745,20,0.7,1,2,45,"{'max_depth': 20, 'max_features': 0.7, 'min_samples_leaf': 1, 'min_samples_split': 2, 'n_estimators': 45}",-7750.776109684091,-4238.6501280591965,-3714.0340057545177,-5253.661625712996,-7266.964497498687,-5644.817273341898,1607.7721881378113,20
0.28328733444213866,0.0034218635484586607,0.009879446029663086,0.001607329894640804,20,0.7,1,2,50,"{'max_depth': 20, 'max_features': 0.7, 'min_samples_leaf': 1, 'min_samples_split': 2, 'n_estimators': 50}",-7752.009734793759,-4076.215313210208,-3750.115554242055,-5141.60936822871,-7270.4636184163755,-5598.082717778221,1635.5849366445125,13
0.565029239654541,0.025506277824552337,0.019858837127685547,0.0031246283343525387,20,0.7,1,2,100,"{'max_depth': 20, 'max_features': 0.7, 'min_samples_leaf': 1, 'min_samples_split': 2, 'n_estimators': 100}",-7590.185328797403,-3997.941541182184,-3684.3779445827804,-4965.556419606446,-7445.272608664192,-5536.666768566602,1672.3953464178855,4
0.2388765335083008,0.027952589473204146,0.008715391159057617,0.0014629682471528128,20,0.7,1,5,45,"{'max_depth': 20, 'max_features': 0.7, 'min_samples_leaf': 1, 'min_samples_split': 5, 'n_estimators': 45}",-7909.42969141927,-4322.218835400824,-3946.1530190825797,-4609.963406494314,-7983.504114424786,-5754.253813364356,1802.4257635628712,38
0.2637962341308594,0.013544241306541043,0.012507915496826172,0.0032260605962564953,20,0.7,1,5,50,"{'max_depth': 20, 'max_features': 0.7, 'min_samples_leaf': 1, 'min_samples_split': 5, 'n_estimators': 50}",-7876.060357952501,-4160.418027751431,-3954.0651872071066,-4766.6319103855385,-7992.512582472253,-5749.9376131537665,1803.7827367348866,37
0.47913055419921874,0.005583477508527569,0.01696619987487793,0.0017013636110925086,20,0.7,1,5,100,"{'max_depth': 20, 'max_features': 0.7, 'min_samples_leaf': 1, 'min_samples_split': 5, 'n_estimators': 100}",-7604.661595619244,-4124.379511967015,-3835.6270238193747,-4754.586203827764,-7767.227797941878,-5617.2964266350555,1715.7646062201259,17
0.1911924362182617,0.002061333868927806,0.00855255126953125,0.0007332560357533659,20,0.7,1,10,45,"{'max_depth': 20, 'max_features': 0.7, 'min_samples_leaf': 1, 'min_samples_split': 10, 'n_estimators': 45}",-8359.589816164731,-4065.677141566273,-4068.3033795743654,-4903.981514275882,-8713.162015098738,-6022.142773335998,2078.4982070591227,101
0.21450037956237794,0.0026486528081262565,0.009073019027709961,0.0007635648965201715,20,0.7,1,10,50,"{'max_depth': 20, 'max_features': 0.7, 'min_samples_leaf': 1, 'min_samples_split': 10, 'n_estimators': 50}",-8231.767361274216,-4046.2858933338057,-4124.993574709186,-5009.490348151304,-8885.007039430066,-6059.5088433797155,2078.465873478884,107
0.4186708927154541,0.031241642210752017,0.017406797409057616,0.0021298407921141777,20,0.7,1,10,100,"{'max_depth': 20, 'max_features': 0.7, 'min_samples_leaf': 1, 'min_samples_split': 10, 'n_estimators': 100}",-7939.809408623136,-3908.8892027548004,-4140.869548975257,-5164.323293149744,-8141.314570705333,-5859.041204841655,1831.7318407174314,59
0.2271665096282959,0.029116265565013854,0.010852479934692382,0.0035962758743313737,20,0.7,2,2,45,"{'max_depth': 20, 'max_features': 0.7, 'min_samples_leaf': 2, 'min_samples_split': 2, 'n_estimators': 45}",-8045.042135164026,-3881.547941191981,-4321.324015797127,-4828.126455562709,-8430.113598335707,-5901.23082921031,1934.836038504523,70
0.24309463500976564,0.01555371076820173,0.009889316558837891,0.000696670370904837,20,0.7,2,2,50,"{'max_depth': 20, 'max_features': 0.7, 'min_samples_leaf': 2, 'min_samples_split': 2, 'n_estimators': 50}",-7925.243355502693,-3806.867181865532,-4293.584129368601,-4969.168045752193,-8433.085212839276,-5885.589585065659,1915.479998070284,67
0.4609519004821777,0.03420076154378695,0.018191957473754884,0.0027626165045294385,20,0.7,2,2,100,"{'max_depth': 20, 'max_features': 0.7, 'min_samples_leaf': 2, 'min_samples_split': 2, 'n_estimators': 100}",-7664.3913752944745,-4026.4519836163804,-3979.161695158816,-4953.830949937589,-7865.662748879287,-5697.8997505773095,1724.396836450229,27
0.2357358455657959,0.010067810879327174,0.00905747413635254,0.0008699635326464798,20,0.7,2,5,45,"{'max_depth': 20, 'max_features': 0.7, 'min_samples_leaf': 2, 'min_samples_split': 5, 'n_estimators': 45}",-7523.05701648568,-4168.843686003213,-4067.369436394184,-4910.329597766229,-7906.847897444712,-5715.289526818803,1662.8918929947438,30
0.2720526695251465,0.008351357313105877,0.012137746810913086,0.0020579410342750704,20,0.7,2,5,50,"{'max_depth': 20, 'max_features': 0.7, 'min_samples_leaf': 2, 'min_samples_split': 5, 'n_estimators': 50}",-7620.808898311631,-4062.8321405615375,-4047.067958708598,-4791.2927197345825,-7882.0806350944895,-5680.816470482168,1713.9074967557121,23
0.552207612991333,0.07117158415464067,0.02130889892578125,0.004352620572832881,20,0.7,2,5,100,"{'max_depth': 20, 'max_features': 0.7, 'min_samples_leaf': 2, 'min_samples_split': 5, 'n_estimators': 100}",-7358.7809438399745,-3825.8475419547417,-3954.9845906229684,-4742.731714358472,-8047.470225696168,-5585.963003294465,1770.369299482117,10
0.30603513717651365,0.03483874671578922,0.011770915985107423,0.004444501796675639,20,0.7,2,10,45,"{'max_depth': 20, 'max_features': 0.7, 'min_samples_leaf': 2, 'min_samples_split': 10, 'n_estimators': 45}",-8144.91512018263,-4440.135302804871,-4171.064068389537,-4901.4776236239795,-8473.035783859454,-6026.125579772094,1881.3872572299183,104
0.22705454826354982,0.00950402055558767,0.010969448089599609,0.0012767626022195612,20,0.7,2,10,50,"{'max_depth': 20, 'max_features': 0.7, 'min_samples_leaf': 2, 'min_samples_split': 10, 'n_estimators': 50}",-8028.884086894344,-4322.440643842758,-4038.2616795380013,-4819.151604593291,-8482.882577991759,-5938.324118572031,1914.1098467294335,81
0.4939242362976074,0.006368656393694791,0.01942129135131836,0.0014950579325128475,20,0.7,2,10,100,"{'max_depth': 20, 'max_features': 0.7, 'min_samples_leaf': 2, 'min_samples_split': 10, 'n_estimators': 100}",-7949.434996246844,-4197.401288659949,-3868.007787981797,-4798.650491151515,-7979.5879130548365,-5758.616495418988,1825.6904818356948,41
0.20480747222900392,0.005346171490800082,0.00903944969177246,0.0017449806869767623,20,0.7,4,2,45,"{'max_depth': 20, 'max_features': 0.7, 'min_samples_leaf': 4, 'min_samples_split': 2, 'n_estimators': 45}",-7820.281429566353,-4148.581889745955,-3861.3472858663704,-4789.21291659901,-9012.101107919303,-5926.304925939398,2089.3354234984536,74
0.22019572257995607,0.007239338804525064,0.008996152877807617,0.0012287950311372692,20,0.7,4,2,50,"{'max_depth': 20, 'max_features': 0.7, 'min_samples_leaf': 4, 'min_samples_split': 2, 'n_estimators': 50}",-7869.08850119874,-4038.915715816986,-3872.515869869693,-4978.975091072885,-9023.127901467256,-5956.524615885112,2099.422575238202,92
0.6278489589691162,0.23890138503100067,0.09842429161071778,0.08988507144786123,20,0.7,4,2,100,"{'max_depth': 20, 'max_features': 0.7, 'min_samples_leaf': 4, 'min_samples_split': 2, 'n_estimators': 100}",-7893.041733466261,-4058.7317406374764,-3882.174577770168,-4977.806962153871,-8962.326962256175,-5954.81639525679,2080.7386104813527,86
0.3408637523651123,0.023760361639447024,0.011387920379638672,0.0026594189440566625,20,0.7,4,5,45,"{'max_depth': 20, 'max_features': 0.7, 'min_samples_leaf': 4, 'min_samples_split': 5, 'n_estimators': 45}",-7820.281429566353,-4148.581889745955,-3861.3472858663704,-4789.21291659901,-9012.101107919303,-5926.304925939398,2089.3354234984536,74
0.5513267993927002,0.12491337249727896,0.021440553665161132,0.009908006342323214,20,0.7,4,5,50,"{'max_depth': 20, 'max_features': 0.7, 'min_samples_leaf': 4, 'min_samples_split': 5, 'n_estimators': 50}",-7869.08850119874,-4038.915715816986,-3872.515869869693,-4978.975091072885,-9023.127901467256,-5956.524615885112,2099.422575238202,92
1.3699581146240234,0.36028841547482593,0.046903038024902345,0.020664435315591492,20,0.7,4,5,100,"{'max_depth': 20, 'max_features': 0.7, 'min_samples_leaf': 4, 'min_samples_split': 5, 'n_estimators': 100}",-7893.041733466261,-4058.7317406374764,-3882.174577770168,-4977.806962153871,-8962.326962256175,-5954.81639525679,2080.7386104813527,86
0.26555719375610354,0.0459060183600095,0.010407972335815429,0.0026984858003854884,20,0.7,4,10,45,"{'max_depth': 20, 'max_features': 0.7, 'min_samples_leaf': 4, 'min_samples_split': 10, 'n_estimators': 45}",-7838.857946541756,-4187.78484933781,-4033.845084006065,-4648.195383691778,-8589.501359335623,-5859.636924582606,1947.59705788988,61
0.28069157600402833,0.011703538571472343,0.013248872756958009,0.0028256286083074376,20,0.7,4,10,50,"{'max_depth': 20, 'max_features': 0.7, 'min_samples_leaf': 4, 'min_samples_split': 10, 'n_estimators': 50}",-7823.796501538618,-4157.346489417879,-3976.1362673372896,-4650.644788924821,-8473.621634047133,-5816.309136253148,1928.1328716887735,49
0.47592835426330565,0.01978213912602167,0.018484020233154298,0.002694950369593608,20,0.7,4,10,100,"{'max_depth': 20, 'max_features': 0.7, 'min_samples_leaf': 4, 'min_samples_split': 10, 'n_estimators': 100}",-7891.864311637881,-4112.972238621359,-3941.2974063518277,-4714.1211668681635,-8468.710447124602,-5825.793114120766,1948.0531904830736,52
0.1924978256225586,0.010842206305316253,0.008651256561279297,0.0005491164252392832,,sqrt,1,2,45,"{'max_depth': None, 'max_features': 'sqrt', 'min_samples_leaf': 1, 'min_samples_split': 2, 'n_estimators': 45}",-10747.545231126267,-5597.520539120142,-5276.678864241071,-6724.657910477166,-9811.262186105525,-7631.532946214034,2234.534343839953,116
0.3548252582550049,0.03431054367902046,0.014952611923217774,0.0020177414658637096,,sqrt,1,2,50,"{'max_depth': None, 'max_features': 'sqrt', 'min_samples_leaf': 1, 'min_samples_split': 2, 'n_estimators': 50}",-10752.16412542314,-5533.96996700887,-5327.658411624947,-6576.27429472156,-9813.55001673879,-7600.723363103461,2250.1542367164993,114
0.4548631191253662,0.03546113017868159,0.016840505599975585,0.001120722419069599,,sqrt,1,2,100,"{'max_depth': None, 'max_features': 'sqrt', 'min_samples_leaf': 1, 'min_samples_split': 2, 'n_estimators': 100}",-10521.185616165254,-4993.949113736282,-5679.584912369521,-6580.615439206182,-10104.637460607357,-7575.9945084169185,2294.4408080583476,113
0.15947070121765136,0.003943881268264219,0.008330821990966797,0.00041157726351306466,,sqrt,1,5,45,"{'max_depth': None, 'max_features': 'sqrt', 'min_samples_leaf': 1, 'min_samples_split': 5, 'n_estimators': 45}",-10660.916939965391,-4722.395444207151,-6306.8465577089755,-7554.721515563463,-10882.847823039996,-8025.545656096996,2416.433767413135,143
0.19575181007385253,0.0148693830642306,0.009979677200317384,0.0023879757769817334,,sqrt,1,5,50,"{'max_depth': None, 'max_features': 'sqrt', 'min_samples_leaf': 1, 'min_samples_split': 5, 'n_estimators': 50}",-10849.694511391668,-4697.077766254178,-6345.50971557162,-7461.105760019545,-10754.291850409396,-8021.535920729281,2434.8143178239948,141
0.356069278717041,0.010955721537394814,0.017324256896972656,0.001647807371527268,,sqrt,1,5,100,"{'max_depth': None, 'max_features': 'sqrt', 'min_samples_leaf': 1, 'min_samples_split': 5, 'n_estimators': 100}",-10974.623073848896,-4596.779943176046,-6185.629072980003,-7082.275963985295,-10867.875052348223,-7941.436621267692,2560.156535174215,127
0.1455451011657715,0.0029943371534243493,0.00861821174621582,0.0007377581703501692,,sqrt,1,10,45,"{'max_depth': None, 'max_features': 'sqrt', 'min_samples_leaf': 1, 'min_samples_split': 10, 'n_estimators': 45}",-11265.245812037678,-5163.342347709759,-6734.48417699322,-7080.3063133785345,-10902.700553346216,-8229.215840693081,2421.519961474261,156
0.1702408790588379,0.0013572463312534313,0.009613895416259765,0.0006453908867625994,,sqrt,1,10,50,"{'max_depth': None, 'max_features': 'sqrt', 'min_samples_leaf': 1, 'min_samples_split': 10, 'n_estimators': 50}",-11452.614017143313,-5111.437086284482,-6822.210819155579,-7151.07814820816,-10593.316303521566,-8226.131274862619,2401.741351835655,154
0.37847485542297366,0.01755255594370946,0.018895673751831054,0.004188373129035421,,sqrt,1,10,100,"{'max_depth': None, 'max_features': 'sqrt', 'min_samples_leaf': 1, 'min_samples_split': 10, 'n_estimators': 100}",-11126.612955421047,-5198.734021110588,-6558.072777067706,-6928.053083296399,-11377.336647030364,-8237.761896785221,2528.8247545258396,159
0.16447095870971679,0.015391208185020417,0.012093496322631837,0.004213760411729895,,sqrt,2,2,45,"{'max_depth': None, 'max_features': 'sqrt', 'min_samples_leaf': 2, 'min_samples_split': 2, 'n_estimators': 45}",-10659.47851199518,-5301.259539923178,-5954.593964876756,-7281.187552093487,-10560.852632627162,-7951.474440303153,2262.856414654615,131
0.19016590118408203,0.007218717832607008,0.009690618515014649,0.0011823956472929535,,sqrt,2,2,50,"{'max_depth': None, 'max_features': 'sqrt', 'min_samples_leaf': 2, 'min_samples_split': 2, 'n_estimators': 50}",-10766.633374595842,-5313.746770705005,-5993.777523868841,-7102.423123774438,-10553.833256249523,-7946.08280983873,2289.467994864556,129
0.3415822505950928,0.006440566247780693,0.016073846817016603,0.0006594813325033682,,sqrt,2,2,100,"{'max_depth': None, 'max_features': 'sqrt', 'min_samples_leaf': 2, 'min_samples_split': 2, 'n_estimators': 100}",-10824.859114536173,-5019.494074776451,-5778.417346324084,-6951.52870396221,-11094.097863601952,-7933.679420640174,2547.5249017943947,125
0.16276726722717286,0.004357618149969675,0.008284425735473633,0.0008356376392635214,,sqrt,2,5,45,"{'max_depth': None, 'max_features': 'sqrt', 'min_samples_leaf': 2, 'min_samples_split': 5, 'n_estimators': 45}",-10473.42628413062,-4949.532248866394,-6362.918297627152,-6611.82819494048,-11558.687695789109,-7991.278544270751,2557.1126819736014,137
0.17757015228271483,0.006559575365913409,0.008957910537719726,0.00047801060295356236,,sqrt,2,5,50,"{'max_depth': None, 'max_features': 'sqrt', 'min_samples_leaf': 2, 'min_samples_split': 5, 'n_estimators': 50}",-10521.349947859335,-5079.296074711073,-6696.236326542643,-6504.897847937928,-11381.972110838124,-8036.750461577821,2459.8304623063777,149
0.3368896484375,0.018970172249053934,0.020222568511962892,0.005422922772403557,,sqrt,2,5,100,"{'max_depth': None, 'max_features': 'sqrt', 'min_samples_leaf': 2, 'min_samples_split': 5, 'n_estimators': 100}",-10601.054325313191,-4731.165051215353,-6316.972257310368,-6608.163394550869,-11618.52863070049,-7975.176731818055,2657.4884956492474,134
0.16219849586486818,0.01602711821370059,0.011091947555541992,0.0026810506820249312,,sqrt,2,10,45,"{'max_depth': None, 'max_features': 'sqrt', 'min_samples_leaf': 2, 'min_samples_split': 10, 'n_estimators': 45}",-12550.615882558086,-5499.350469739176,-6224.5964386812075,-7126.1925384326605,-12244.703909497477,-8729.091847781721,3040.9402143420093,204
0.17499284744262694,0.007987109628457254,0.00953516960144043,0.00146700948874898,,sqrt,2,10,50,"{'max_depth': None, 'max_features': 'sqrt', 'min_samples_leaf': 2, 'min_samples_split': 10, 'n_estimators': 50}",-12349.085619071131,-5398.238109169311,-6589.109458666771,-7085.090928078975,-12035.171735707367,-8691.339170138712,2912.189660166671,197
0.38284902572631835,0.05275686394806065,0.02490062713623047,0.014406667801419684,,sqrt,2,10,100,"{'max_depth': None, 'max_features': 'sqrt', 'min_samples_leaf': 2, 'min_samples_split': 10, 'n_estimators': 100}",-12050.240289427567,-5338.462305638839,-6580.755209533125,-7178.475501105844,-11962.580247632435,-8622.102710667561,2826.4596541958767,178
0.13656516075134278,0.002810545817119614,0.00829782485961914,0.0013201312000665623,,sqrt,4,2,45,"{'max_depth': None, 'max_features': 'sqrt', 'min_samples_leaf': 4, 'min_samples_split': 2, 'n_estimators': 45}",-11556.488577931612,-5514.730078524783,-6526.656144714578,-7208.245899614807,-12460.324891088896,-8653.289118374934,2806.5408969784567,190
0.17260274887084961,0.007792724965768994,0.015343523025512696,0.009820952084383763,,sqrt,4,2,50,"{'max_depth': None, 'max_features': 'sqrt', 'min_samples_leaf': 4, 'min_samples_split': 2, 'n_estimators': 50}",-11814.973747512258,-5373.669829719709,-6726.002269222336,-6971.550969927711,-12244.043608053255,-8626.048084887054,2834.9475341571824,183
0.3449102878570557,0.030378084657306573,0.015764236450195312,0.0017487628031734972,,sqrt,4,2,100,"{'max_depth': None, 'max_features': 'sqrt', 'min_samples_leaf': 4, 'min_samples_split': 2, 'n_estimators': 100}",-12331.045163810491,-5497.999275315882,-6425.030692416206,-6939.310091213144,-12556.415225589264,-8749.960089668999,3051.9590517311776,208
0.14286036491394044,0.0025376889829089038,0.009494209289550781,0.0011207236383858389,,sqrt,4,5,45,"{'max_depth': None, 'max_features': 'sqrt', 'min_samples_leaf': 4, 'min_samples_split': 5, 'n_estimators': 45}",-11556.488577931612,-5514.730078524783,-6526.656144714578,-7208.245899614807,-12460.324891088896,-8653.289118374934,2806.5408969784567,190
0.1562601089477539,0.00390081345019317,0.00923299789428711,0.0009837715342586643,,sqrt,4,5,50,"{'max_depth': None, 'max_features': 'sqrt', 'min_samples_leaf': 4, 'min_samples_split': 5, 'n_estimators': 50}",-11814.973747512258,-5373.669829719709,-6726.002269222336,-6971.550969927711,-12244.043608053255,-8626.048084887054,2834.9475341571824,183
0.29926700592041017,0.003501593902640386,0.016410207748413085,0.001538719091748626,,sqrt,4,5,100,"{'max_depth': None, 'max_features': 'sqrt', 'min_samples_leaf': 4, 'min_samples_split': 5, 'n_estimators': 100}",-12331.045163810491,-5497.999275315882,-6425.030692416206,-6939.310091213144,-12556.415225589264,-8749.960089668999,3051.9590517311776,208
0.1386631488800049,0.007874729297889106,0.008442354202270509,0.0013834356287344568,,sqrt,4,10,45,"{'max_depth': None, 'max_features': 'sqrt', 'min_samples_leaf': 4, 'min_samples_split': 10, 'n_estimators': 45}",-11313.765860762873,-5211.325188318789,-6218.9058401103275,-7937.037205554392,-12076.212304032659,-8551.449279755809,2721.3613252183723,172
0.16798944473266603,0.006254546240231398,0.008460521697998047,0.0003949047486205427,,sqrt,4,10,50,"{'max_depth': None, 'max_features': 'sqrt', 'min_samples_leaf': 4, 'min_samples_split': 10, 'n_estimators': 50}",-11296.836583052887,-5164.340183129547,-6619.071702626077,-7800.2877427057765,-12234.694684392682,-8623.046179181392,2714.7247508221594,180
0.31368141174316405,0.013351110268155029,0.014840030670166015,0.0009887321396662954,,sqrt,4,10,100,"{'max_depth': None, 'max_features': 'sqrt', 'min_samples_leaf': 4, 'min_samples_split': 10, 'n_estimators': 100}",-11757.661791820663,-5152.028737182305,-6335.308917554655,-7514.346022594833,-12525.208453632884,-8656.910784557069,2951.537609307407,195
0.24898233413696289,0.006423798436342493,0.00790109634399414,0.0003719192159990129,,0.7,1,2,45,"{'max_depth': None, 'max_features': 0.7, 'min_samples_leaf': 1, 'min_samples_split': 2, 'n_estimators': 45}",-7728.288863247267,-4247.59026562736,-3714.0340057545177,-5238.449840924466,-7184.340445000632,-5622.540684110848,1584.5381697826017,19
0.27164273262023925,0.003993526553793472,0.0090728759765625,0.0012884209775276987,,0.7,1,2,50,"{'max_depth': None, 'max_features': 0.7, 'min_samples_leaf': 1, 'min_samples_split': 2, 'n_estimators': 50}",-7733.345143791847,-4082.4135854089313,-3750.115554242055,-5182.001196023118,-7191.164593269726,-5587.808014547135,1611.3402515548173,12
0.5237506866455078,0.018759856098658757,0.017502832412719726,0.0020343025235701985,,0.7,1,2,100,"{'max_depth': None, 'max_features': 0.7, 'min_samples_leaf': 1, 'min_samples_split': 2, 'n_estimators': 100}",-7594.426965147665,-4021.7798500326808,-3735.0706844383603,-5026.322380198704,-7454.593081635879,-5566.438592290658,1655.866466994702,8
0.21519508361816406,0.009492496588742495,0.007928848266601562,0.0007854224666236014,,0.7,1,5,45,"{'max_depth': None, 'max_features': 0.7, 'min_samples_leaf': 1, 'min_samples_split': 5, 'n_estimators': 45}",-7938.343159209104,-4322.218835400824,-3946.1530190825797,-4609.963406494314,-7983.504114424786,-5760.036506922322,1809.3639309621954,44
0.24880523681640626,0.004782549395250459,0.01194310188293457,0.005480912577321641,,0.7,1,5,50,"{'max_depth': None, 'max_features': 0.7, 'min_samples_leaf': 1, 'min_samples_split': 5, 'n_estimators': 50}",-7901.820928273147,-4160.418027751431,-3954.0651872071066,-4766.6319103855385,-7992.512582472253,-5755.089727217895,1809.874689654287,39
0.4757691860198975,0.008487334859090721,0.01748824119567871,0.0022212367104149995,,0.7,1,5,100,"{'max_depth': None, 'max_features': 0.7, 'min_samples_leaf': 1, 'min_samples_split': 5, 'n_estimators': 100}",-7618.09697096385,-4124.379511967015,-3835.6270238193747,-4754.586203827764,-7767.227797941878,-5619.983501703976,1718.8826208453697,18
0.19946770668029784,0.010102036506115113,0.009601640701293945,0.0036407898562536047,,0.7,1,10,45,"{'max_depth': None, 'max_features': 0.7, 'min_samples_leaf': 1, 'min_samples_split': 10, 'n_estimators': 45}",-8359.589816164731,-4065.677141566273,-4068.3033795743654,-4903.981514275882,-8713.162015098738,-6022.142773335998,2078.4982070591227,101
0.2095973014831543,0.0035072476903215202,0.008767795562744141,0.0008346270458426625,,0.7,1,10,50,"{'max_depth': None, 'max_features': 0.7, 'min_samples_leaf': 1, 'min_samples_split': 10, 'n_estimators': 50}",-8231.767361274216,-4046.2858933338057,-4124.993574709186,-5009.490348151304,-8885.007039430066,-6059.5088433797155,2078.465873478884,107
0.40464191436767577,0.012032500412189638,0.015158414840698242,0.0009052028117082706,,0.7,1,10,100,"{'max_depth': None, 'max_features': 0.7, 'min_samples_leaf': 1, 'min_samples_split': 10, 'n_estimators': 100}",-7939.809408623136,-3908.8892027548004,-4140.869548975257,-5164.323293149744,-8141.314570705333,-5859.041204841655,1831.7318407174314,59
0.20988154411315918,0.006507830447423828,0.008630609512329102,0.0013385245629291378,,0.7,2,2,45,"{'max_depth': None, 'max_features': 0.7, 'min_samples_leaf': 2, 'min_samples_split': 2, 'n_estimators': 45}",-8045.042135164026,-3881.547941191981,-4321.324015797127,-4828.126455562709,-8430.113598335707,-5901.23082921031,1934.836038504523,70
0.22687759399414062,0.0070359716364991835,0.009256219863891602,0.0010194216682401181,,0.7,2,2,50,"{'max_depth': None, 'max_features': 0.7, 'min_samples_leaf': 2, 'min_samples_split': 2, 'n_estimators': 50}",-7925.243355502693,-3806.867181865532,-4293.584129368601,-4969.168045752193,-8433.085212839276,-5885.589585065659,1915.479998070284,67
0.50140380859375,0.039281655031204246,0.019951248168945314,0.004518723876750165,,0.7,2,2,100,"{'max_depth': None, 'max_features': 0.7, 'min_samples_leaf': 2, 'min_samples_split': 2, 'n_estimators': 100}",-7664.3913752944745,-4026.4519836163804,-3979.161695158816,-4953.830949937589,-7865.662748879287,-5697.8997505773095,1724.396836450229,27
0.30956096649169923,0.05857927771048781,0.008649444580078125,0.0011638735833623846,,0.7,2,5,45,"{'max_depth': None, 'max_features': 0.7, 'min_samples_leaf': 2, 'min_samples_split': 5, 'n_estimators': 45}",-7523.05701648568,-4168.843686003213,-4067.369436394184,-4910.329597766229,-7906.847897444712,-5715.289526818803,1662.8918929947438,30
0.3904869556427002,0.06562266643060387,0.00990591049194336,0.0018168728553814414,,0.7,2,5,50,"{'max_depth': None, 'max_features': 0.7, 'min_samples_leaf': 2, 'min_samples_split': 5, 'n_estimators': 50}",-7620.808898311631,-4062.8321405615375,-4047.067958708598,-4791.2927197345825,-7882.0806350944895,-5680.816470482168,1713.9074967557121,23
0.5457011222839355,0.01416299844523776,0.020813512802124023,0.002773997187971442,,0.7,2,5,100,"{'max_depth': None, 'max_features': 0.7, 'min_samples_leaf': 2, 'min_samples_split': 5, 'n_estimators': 100}",-7358.7809438399745,-3825.8475419547417,-3954.9845906229684,-4742.731714358472,-8047.470225696168,-5585.963003294465,1770.369299482117,10
0.23419036865234374,0.012144727852233141,0.00896005630493164,0.0012940188128501553,,0.7,2,10,45,"{'max_depth': None, 'max_features': 0.7, 'min_samples_leaf': 2, 'min_samples_split': 10, 'n_estimators': 45}",-8144.91512018263,-4440.135302804871,-4171.064068389537,-4901.4776236239795,-8473.035783859454,-6026.125579772094,1881.3872572299183,104
0.2693625926971436,0.031605381413831596,0.00974578857421875,0.003164005595017855,,0.7,2,10,50,"{'max_depth': None, 'max_features': 0.7, 'min_samples_leaf': 2, 'min_samples_split': 10, 'n_estimators': 50}",-8028.884086894344,-4322.440643842758,-4038.2616795380013,-4819.151604593291,-8482.882577991759,-5938.324118572031,1914.1098467294335,81
2.5362054347991942,0.48976164570175157,0.0767280101776123,0.046201531559752464,,0.7,2,10,100,"{'max_depth': None, 'max_features': 0.7, 'min_samples_leaf': 2, 'min_samples_split': 10, 'n_estimators': 100}",-7949.434996246844,-4197.401288659949,-3868.007787981797,-4798.650491151515,-7979.5879130548365,-5758.616495418988,1825.6904818356948,41
0.792202091217041,0.05854693538755014,0.027240848541259764,0.003237672678967059,,0.7,4,2,45,"{'max_depth': None, 'max_features': 0.7, 'min_samples_leaf': 4, 'min_samples_split': 2, 'n_estimators': 45}",-7820.281429566353,-4148.581889745955,-3861.3472858663704,-4789.21291659901,-9012.101107919303,-5926.304925939398,2089.3354234984536,74
0.8009215354919433,0.12286736973725108,0.06816244125366211,0.039743882971107425,,0.7,4,2,50,"{'max_depth': None, 'max_features': 0.7, 'min_samples_leaf': 4, 'min_samples_split': 2, 'n_estimators': 50}",-7869.08850119874,-4038.915715816986,-3872.515869869693,-4978.975091072885,-9023.127901467256,-5956.524615885112,2099.422575238202,92
1.5443702220916748,0.31223808145988613,0.11993870735168458,0.13631831406238432,,0.7,4,2,100,"{'max_depth': None, 'max_features': 0.7, 'min_samples_leaf': 4, 'min_samples_split': 2, 'n_estimators': 100}",-7893.041733466261,-4058.7317406374764,-3882.174577770168,-4977.806962153871,-8962.326962256175,-5954.81639525679,2080.7386104813527,86
0.9806932926177978,0.22064217346276466,0.1219243049621582,0.17252666052853918,,0.7,4,5,45,"{'max_depth': None, 'max_features': 0.7, 'min_samples_leaf': 4, 'min_samples_split': 5, 'n_estimators': 45}",-7820.281429566353,-4148.581889745955,-3861.3472858663704,-4789.21291659901,-9012.101107919303,-5926.304925939398,2089.3354234984536,74
0.49425554275512695,0.1368358558033072,0.010606765747070312,0.0006158649937281042,,0.7,4,5,50,"{'max_depth': None, 'max_features': 0.7, 'min_samples_leaf': 4, 'min_samples_split': 5, 'n_estimators': 50}",-7869.08850119874,-4038.915715816986,-3872.515869869693,-4978.975091072885,-9023.127901467256,-5956.524615885112,2099.422575238202,92
0.5165690422058106,0.023333330830831674,0.019164514541625977,0.003138027274256395,,0.7,4,5,100,"{'max_depth': None, 'max_features': 0.7, 'min_samples_leaf': 4, 'min_samples_split': 5, 'n_estimators': 100}",-7893.041733466261,-4058.7317406374764,-3882.174577770168,-4977.806962153871,-8962.326962256175,-5954.81639525679,2080.7386104813527,86
0.20878829956054687,0.006550020505556263,0.009239721298217773,0.0021026757300604488,,0.7,4,10,45,"{'max_depth': None, 'max_features': 0.7, 'min_samples_leaf': 4, 'min_samples_split': 10, 'n_estimators': 45}",-7838.857946541756,-4187.78484933781,-4033.845084006065,-4648.195383691778,-8589.501359335623,-5859.636924582606,1947.59705788988,61
0.23981790542602538,0.003746206518441535,0.00963449478149414,0.0014744979474188857,,0.7,4,10,50,"{'max_depth': None, 'max_features': 0.7, 'min_samples_leaf': 4, 'min_samples_split': 10, 'n_estimators': 50}",-7823.796501538618,-4157.346489417879,-3976.1362673372896,-4650.644788924821,-8473.621634047133,-5816.309136253148,1928.1328716887735,49
0.8846248149871826,0.4447117249874089,0.039631319046020505,0.02786639434982791,,0.7,4,10,100,"{'max_depth': None, 'max_features': 0.7, 'min_samples_leaf': 4, 'min_samples_split': 10, 'n_estimators': 100}",-7891.864311637881,-4112.972238621359,-3941.2974063518277,-4714.1211668681635,-8468.710447124602,-5825.793114120766,1948.0531904830736,52
